city,variant,seed,sparsification_pct,max_stretch,n_repairs,scc_connected,_source_file
Eindhoven,E_Fuzzy_Pruning,0,14.062253949923887,1.4969664312678423,2218,True,fuzzy_pruning_20260705_025245.csv
Eindhoven,C_GA_Threshold_plus_Feedback,0,14.062253949923887,1.219415934885855,2621,True,fuzzy_pruning_20260705_025245.csv
Eindhoven,D_Random_Pruning(matched),0,14.062253949923887,1.4263555572714983,2433,True,fuzzy_pruning_20260705_025245.csv
Eindhoven,E_Fuzzy_Pruning,1,14.1567371791507,1.4743140546797526,2194,True,fuzzy_pruning_20260705_025245.csv
Eindhoven,C_GA_Threshold_plus_Feedback,1,14.1567371791507,1.4025608601376518,2636,True,fuzzy_pruning_20260705_025245.csv
Eindhoven,D_Random_Pruning(matched),1,14.1567371791507,1.3791431191221264,2445,True,fuzzy_pruning_20260705_025245.csv
Eindhoven,E_Fuzzy_Pruning,2,14.098997427956538,1.4904231671579242,2201,True,fuzzy_pruning_20260705_025245.csv
Eindhoven,C_GA_Threshold_plus_Feedback,2,14.098997427956538,1.3496632853335615,2623,True,fuzzy_pruning_20260705_025245.csv
Eindhoven,D_Random_Pruning(matched),2,14.098997427956538,1.4312994936611625,2432,True,fuzzy_pruning_20260705_025245.csv
Eindhoven,E_Fuzzy_Pruning,3,14.02551047189124,1.4601620029043605,2173,True,fuzzy_pruning_20260705_025245.csv
Eindhoven,C_GA_Threshold_plus_Feedback,3,14.02551047189124,1.2833960409959555,2611,True,fuzzy_pruning_20260705_025245.csv
Eindhoven,D_Random_Pruning(matched),3,14.02551047189124,1.3935882109434623,2425,True,fuzzy_pruning_20260705_025245.csv
Eindhoven,E_Fuzzy_Pruning,4,14.109495564537294,1.4904231671579242,2146,True,fuzzy_pruning_20260705_025245.csv
Eindhoven,C_GA_Threshold_plus_Feedback,4,14.109495564537294,1.0613682696768785,2625,True,fuzzy_pruning_20260705_025245.csv
Eindhoven,D_Random_Pruning(matched),4,14.109495564537294,1.4886874543404185,2450,True,fuzzy_pruning_20260705_025245.csv
Paris,E_Fuzzy_Pruning,0,26.873847185735844,1.4358471997220716,4627,True,fuzzy_pruning_20260705_025517.csv
Paris,C_GA_Threshold_plus_Feedback,0,26.873847185735844,1.1933104790768705,4748,True,fuzzy_pruning_20260705_025517.csv
Paris,D_Random_Pruning(matched),0,26.873847185735844,1.4592412852437522,4650,True,fuzzy_pruning_20260705_025517.csv
Paris,E_Fuzzy_Pruning,1,27.019171650550557,1.4694958525086417,4658,True,fuzzy_pruning_20260705_025517.csv
Paris,C_GA_Threshold_plus_Feedback,1,27.019171650550557,1.4989270118622346,4772,True,fuzzy_pruning_20260705_025517.csv
Paris,D_Random_Pruning(matched),1,27.019171650550557,1.476442428199906,4674,True,fuzzy_pruning_20260705_025517.csv
Paris,E_Fuzzy_Pruning,2,26.890615393214468,1.3860790999086785,4642,True,fuzzy_pruning_20260705_025517.csv
Paris,C_GA_Threshold_plus_Feedback,2,26.890615393214468,1.329203009603323,4749,True,fuzzy_pruning_20260705_025517.csv
Paris,D_Random_Pruning(matched),2,26.890615393214468,1.4810327162889787,4661,True,fuzzy_pruning_20260705_025517.csv
Paris,E_Fuzzy_Pruning,3,26.86825778324297,1.4365255406329545,4634,True,fuzzy_pruning_20260705_025517.csv
Paris,C_GA_Threshold_plus_Feedback,3,26.86825778324297,1.4590142997850708,4747,True,fuzzy_pruning_20260705_025517.csv
Paris,D_Random_Pruning(matched),3,26.86825778324297,1.4566668841088244,4654,True,fuzzy_pruning_20260705_025517.csv
Paris,E_Fuzzy_Pruning,4,26.890615393214468,1.4893373824402054,4645,True,fuzzy_pruning_20260705_025517.csv
Paris,C_GA_Threshold_plus_Feedback,4,26.890615393214468,1.3746781937247006,4752,True,fuzzy_pruning_20260705_025517.csv
Paris,D_Random_Pruning(matched),4,26.890615393214468,1.477399142723053,4662,True,fuzzy_pruning_20260705_025517.csv
Rome,E_Fuzzy_Pruning,0,17.303482362499718,1.4941393032354373,13853,True,fuzzy_pruning_20260705_025607.csv
Rome,C_GA_Threshold_plus_Feedback,0,17.303482362499718,1.3938402481887195,14958,True,fuzzy_pruning_20260705_025607.csv
Rome,D_Random_Pruning(matched),0,17.303482362499718,1.405825401251254,14427,True,fuzzy_pruning_20260705_025607.csv
Rome,E_Fuzzy_Pruning,1,17.36216118621499,1.4863531791922284,13927,True,fuzzy_pruning_20260705_025607.csv
Rome,C_GA_Threshold_plus_Feedback,1,17.36216118621499,1.4701844385386116,14997,True,fuzzy_pruning_20260705_025607.csv
Rome,D_Random_Pruning(matched),1,17.36216118621499,1.491062436684775,14485,True,fuzzy_pruning_20260705_025607.csv
Rome,E_Fuzzy_Pruning,2,17.294454851158907,1.4678042742357635,13860,True,fuzzy_pruning_20260705_025607.csv
Rome,C_GA_Threshold_plus_Feedback,2,17.294454851158907,1.2428536173456328,14941,True,fuzzy_pruning_20260705_025607.csv
Rome,D_Random_Pruning(matched),2,17.294454851158907,1.4905942814653192,14364,True,fuzzy_pruning_20260705_025607.csv
Eindhoven,E_Fuzzy_Pruning,0,14.062253949923887,1.4969664312678423,2218,True,fuzzy_pruning_20260705_030009.csv
Eindhoven,C_GA_Threshold_plus_Feedback,0,14.062253949923887,1.219415934885855,2621,True,fuzzy_pruning_20260705_030009.csv
Eindhoven,D_Random_Pruning(matched),0,14.062253949923887,1.4263555572714983,2433,True,fuzzy_pruning_20260705_030009.csv
Eindhoven,E_Fuzzy_Pruning,1,14.1567371791507,1.4743140546797526,2194,True,fuzzy_pruning_20260705_030009.csv
Eindhoven,C_GA_Threshold_plus_Feedback,1,14.1567371791507,1.4025608601376518,2636,True,fuzzy_pruning_20260705_030009.csv
Eindhoven,D_Random_Pruning(matched),1,14.1567371791507,1.3791431191221264,2445,True,fuzzy_pruning_20260705_030009.csv
Eindhoven,E_Fuzzy_Pruning,2,14.098997427956538,1.4904231671579242,2201,True,fuzzy_pruning_20260705_030009.csv
Eindhoven,C_GA_Threshold_plus_Feedback,2,14.098997427956538,1.3496632853335615,2623,True,fuzzy_pruning_20260705_030009.csv
Eindhoven,D_Random_Pruning(matched),2,14.098997427956538,1.4312994936611625,2432,True,fuzzy_pruning_20260705_030009.csv
Eindhoven,E_Fuzzy_Pruning,3,14.02551047189124,1.4601620029043605,2173,True,fuzzy_pruning_20260705_030009.csv
Eindhoven,C_GA_Threshold_plus_Feedback,3,14.02551047189124,1.2833960409959555,2611,True,fuzzy_pruning_20260705_030009.csv
Eindhoven,D_Random_Pruning(matched),3,14.02551047189124,1.3935882109434623,2425,True,fuzzy_pruning_20260705_030009.csv
Eindhoven,E_Fuzzy_Pruning,4,14.109495564537294,1.4904231671579242,2146,True,fuzzy_pruning_20260705_030009.csv
Eindhoven,C_GA_Threshold_plus_Feedback,4,14.109495564537294,1.0613682696768785,2625,True,fuzzy_pruning_20260705_030009.csv
Eindhoven,D_Random_Pruning(matched),4,14.109495564537294,1.4886874543404185,2450,True,fuzzy_pruning_20260705_030009.csv
Eindhoven,E_Fuzzy_Pruning,5,14.198729725473727,1.478085175918126,2230,True,fuzzy_pruning_20260705_030009.csv
Eindhoven,C_GA_Threshold_plus_Feedback,5,14.198729725473727,1.0836210871104024,2642,True,fuzzy_pruning_20260705_030009.csv
Eindhoven,D_Random_Pruning(matched),5,14.198729725473727,1.4312994936611625,2460,True,fuzzy_pruning_20260705_030009.csv
Eindhoven,E_Fuzzy_Pruning,6,13.962521652406698,1.494855397988336,2185,True,fuzzy_pruning_20260705_030009.csv
Eindhoven,C_GA_Threshold_plus_Feedback,6,13.962521652406698,1.1161332713301506,2603,True,fuzzy_pruning_20260705_030009.csv
Eindhoven,D_Random_Pruning(matched),6,13.962521652406698,1.485209697156156,2413,True,fuzzy_pruning_20260705_030009.csv
Eindhoven,E_Fuzzy_Pruning,7,14.177733452312214,1.4886874543404185,2191,True,fuzzy_pruning_20260705_030009.csv
Eindhoven,C_GA_Threshold_plus_Feedback,7,14.177733452312214,1.41540776134486,2640,True,fuzzy_pruning_20260705_030009.csv
Eindhoven,D_Random_Pruning(matched),7,14.177733452312214,1.3805222235929897,2449,True,fuzzy_pruning_20260705_030009.csv
Eindhoven,E_Fuzzy_Pruning,8,14.16198624744108,1.485209697156156,2194,True,fuzzy_pruning_20260705_030009.csv
Eindhoven,C_GA_Threshold_plus_Feedback,8,14.16198624744108,1.2110636701542457,2635,True,fuzzy_pruning_20260705_030009.csv
Eindhoven,D_Random_Pruning(matched),8,14.16198624744108,1.413880383592206,2461,True,fuzzy_pruning_20260705_030009.csv
Eindhoven,E_Fuzzy_Pruning,9,14.046506745052753,1.465900397878726,2174,True,fuzzy_pruning_20260705_030009.csv
Eindhoven,C_GA_Threshold_plus_Feedback,9,14.046506745052753,1.0842816624516456,2617,True,fuzzy_pruning_20260705_030009.csv
Eindhoven,D_Random_Pruning(matched),9,14.046506745052753,1.465900397878726,2403,True,fuzzy_pruning_20260705_030009.csv
Rome,E_Fuzzy_Pruning,0,17.303482362499718,1.4941393032354373,13853,True,fuzzy_pruning_20260705_145249.csv
Rome,C_GA_Threshold_plus_Feedback,0,17.303482362499718,1.3938402481887195,14958,True,fuzzy_pruning_20260705_145249.csv
Rome,D_Random_Pruning(matched),0,17.303482362499718,1.405825401251254,14427,True,fuzzy_pruning_20260705_145249.csv
Rome,E_Fuzzy_Pruning,1,17.36216118621499,1.4863531791922284,13927,True,fuzzy_pruning_20260705_145249.csv
Rome,C_GA_Threshold_plus_Feedback,1,17.36216118621499,1.4701844385386116,14997,True,fuzzy_pruning_20260705_145249.csv
Rome,D_Random_Pruning(matched),1,17.36216118621499,1.491062436684775,14485,True,fuzzy_pruning_20260705_145249.csv
Rome,E_Fuzzy_Pruning,2,17.294454851158907,1.4678042742357635,13860,True,fuzzy_pruning_20260705_145249.csv
Rome,C_GA_Threshold_plus_Feedback,2,17.294454851158907,1.2428536173456328,14941,True,fuzzy_pruning_20260705_145249.csv
Rome,D_Random_Pruning(matched),2,17.294454851158907,1.4905942814653192,14364,True,fuzzy_pruning_20260705_145249.csv
Rome,E_Fuzzy_Pruning,3,17.36216118621499,1.4712940692135106,13961,True,fuzzy_pruning_20260705_145249.csv
Rome,C_GA_Threshold_plus_Feedback,3,17.36216118621499,1.449420773517546,14998,True,fuzzy_pruning_20260705_145249.csv
Rome,D_Random_Pruning(matched),3,17.36216118621499,1.454549433078726,14486,True,fuzzy_pruning_20260705_145249.csv
Rome,E_Fuzzy_Pruning,4,17.298968606829312,1.4759726576424068,13877,True,fuzzy_pruning_20260705_145249.csv
Rome,C_GA_Threshold_plus_Feedback,4,17.298968606829312,1.4217645262438456,14945,True,fuzzy_pruning_20260705_145249.csv
Rome,D_Random_Pruning(matched),4,17.298968606829312,1.3891493950107408,14417,True,fuzzy_pruning_20260705_145249.csv
Rome,E_Fuzzy_Pruning,0,17.303482362499718,1.4941393032354373,13853,True,fuzzy_pruning_20260705_145812.csv
Rome,C_GA_Threshold_plus_Feedback,0,17.303482362499718,1.3938402481887195,14958,True,fuzzy_pruning_20260705_145812.csv
Rome,D_Random_Pruning(matched),0,17.303482362499718,1.405825401251254,14427,True,fuzzy_pruning_20260705_145812.csv
Rome,E_Fuzzy_Pruning,1,17.36216118621499,1.4863531791922284,13927,True,fuzzy_pruning_20260705_145812.csv
Rome,C_GA_Threshold_plus_Feedback,1,17.36216118621499,1.4701844385386116,14997,True,fuzzy_pruning_20260705_145812.csv
Rome,D_Random_Pruning(matched),1,17.36216118621499,1.491062436684775,14485,True,fuzzy_pruning_20260705_145812.csv
Rome,E_Fuzzy_Pruning,2,17.294454851158907,1.4678042742357635,13860,True,fuzzy_pruning_20260705_145812.csv
Rome,C_GA_Threshold_plus_Feedback,2,17.294454851158907,1.2428536173456328,14941,True,fuzzy_pruning_20260705_145812.csv
Rome,D_Random_Pruning(matched),2,17.294454851158907,1.4905942814653192,14364,True,fuzzy_pruning_20260705_145812.csv
Rome,E_Fuzzy_Pruning,3,17.36216118621499,1.4712940692135106,13961,True,fuzzy_pruning_20260705_145812.csv
Rome,C_GA_Threshold_plus_Feedback,3,17.36216118621499,1.449420773517546,14998,True,fuzzy_pruning_20260705_145812.csv
Rome,D_Random_Pruning(matched),3,17.36216118621499,1.454549433078726,14486,True,fuzzy_pruning_20260705_145812.csv
Rome,E_Fuzzy_Pruning,4,17.298968606829312,1.4759726576424068,13877,True,fuzzy_pruning_20260705_145812.csv
Rome,C_GA_Threshold_plus_Feedback,4,17.298968606829312,1.4217645262438456,14945,True,fuzzy_pruning_20260705_145812.csv
Rome,D_Random_Pruning(matched),4,17.298968606829312,1.3891493950107408,14417,True,fuzzy_pruning_20260705_145812.csv
Rome,E_Fuzzy_Pruning,5,17.358775869462185,1.4948441760209783,13945,True,fuzzy_pruning_20260705_145812.csv
Rome,C_GA_Threshold_plus_Feedback,5,17.358775869462185,1.4748496174434234,15006,True,fuzzy_pruning_20260705_145812.csv
Rome,D_Random_Pruning(matched),5,17.358775869462185,1.4948441760209783,14484,True,fuzzy_pruning_20260705_145812.csv
Rome,E_Fuzzy_Pruning,6,17.252702611207653,1.4941393032354373,13902,True,fuzzy_pruning_20260705_145812.csv
Rome,C_GA_Threshold_plus_Feedback,6,17.252702611207653,1.393488122074106,14906,True,fuzzy_pruning_20260705_145812.csv
Rome,D_Random_Pruning(matched),6,17.252702611207653,1.4897932085476184,14311,True,fuzzy_pruning_20260705_145812.csv
Rome,E_Fuzzy_Pruning,7,17.274142950642084,1.4886608864156543,13869,True,fuzzy_pruning_20260705_145812.csv
Rome,C_GA_Threshold_plus_Feedback,7,17.274142950642084,1.1970563761793886,14927,True,fuzzy_pruning_20260705_145812.csv
Rome,D_Random_Pruning(matched),7,17.274142950642084,1.4886608864156543,14364,True,fuzzy_pruning_20260705_145812.csv
Rome,E_Fuzzy_Pruning,8,17.331693335439752,1.404239605657024,13943,True,fuzzy_pruning_20260705_145812.csv
Rome,C_GA_Threshold_plus_Feedback,8,17.331693335439752,1.4476996117285372,14977,True,fuzzy_pruning_20260705_145812.csv
Rome,D_Random_Pruning(matched),8,17.331693335439752,1.4929750951082974,14419,True,fuzzy_pruning_20260705_145812.csv
Rome,E_Fuzzy_Pruning,9,17.341849285698167,1.460301216211432,13947,True,fuzzy_pruning_20260705_145812.csv
Rome,C_GA_Threshold_plus_Feedback,9,17.341849285698167,1.1779951412976717,14986,True,fuzzy_pruning_20260705_145812.csv
Rome,D_Random_Pruning(matched),9,17.341849285698167,1.390534061617633,14443,True,fuzzy_pruning_20260705_145812.csv
Paris,E_Fuzzy_Pruning,0,26.873847185735844,1.4358471997220716,4627,True,fuzzy_pruning_20260705_150416.csv
Paris,C_GA_Threshold_plus_Feedback,0,26.873847185735844,1.1933104790768705,4748,True,fuzzy_pruning_20260705_150416.csv
Paris,D_Random_Pruning(matched),0,26.873847185735844,1.4592412852437522,4650,True,fuzzy_pruning_20260705_150416.csv
Paris,E_Fuzzy_Pruning,1,27.019171650550557,1.4694958525086417,4658,True,fuzzy_pruning_20260705_150416.csv
Paris,C_GA_Threshold_plus_Feedback,1,27.019171650550557,1.4989270118622346,4772,True,fuzzy_pruning_20260705_150416.csv
Paris,D_Random_Pruning(matched),1,27.019171650550557,1.476442428199906,4674,True,fuzzy_pruning_20260705_150416.csv
Paris,E_Fuzzy_Pruning,2,26.890615393214468,1.3860790999086785,4642,True,fuzzy_pruning_20260705_150416.csv
Paris,C_GA_Threshold_plus_Feedback,2,26.890615393214468,1.329203009603323,4749,True,fuzzy_pruning_20260705_150416.csv
Paris,D_Random_Pruning(matched),2,26.890615393214468,1.4810327162889787,4661,True,fuzzy_pruning_20260705_150416.csv
Paris,E_Fuzzy_Pruning,3,26.86825778324297,1.4365255406329545,4634,True,fuzzy_pruning_20260705_150416.csv
Paris,C_GA_Threshold_plus_Feedback,3,26.86825778324297,1.4590142997850708,4747,True,fuzzy_pruning_20260705_150416.csv
Paris,D_Random_Pruning(matched),3,26.86825778324297,1.4566668841088244,4654,True,fuzzy_pruning_20260705_150416.csv
Paris,E_Fuzzy_Pruning,4,26.890615393214468,1.4893373824402054,4645,True,fuzzy_pruning_20260705_150416.csv
Paris,C_GA_Threshold_plus_Feedback,4,26.890615393214468,1.3746781937247006,4752,True,fuzzy_pruning_20260705_150416.csv
Paris,D_Random_Pruning(matched),4,26.890615393214468,1.477399142723053,4662,True,fuzzy_pruning_20260705_150416.csv
Paris,E_Fuzzy_Pruning,5,26.678218098485274,1.4561775855137005,4600,True,fuzzy_pruning_20260705_150416.csv
Paris,C_GA_Threshold_plus_Feedback,5,26.678218098485274,1.476442428199906,4712,True,fuzzy_pruning_20260705_150416.csv
Paris,D_Random_Pruning(matched),5,26.678218098485274,1.476442428199906,4615,True,fuzzy_pruning_20260705_150416.csv
Paris,E_Fuzzy_Pruning,6,26.92974121066458,1.4763242484866566,4647,True,fuzzy_pruning_20260705_150416.csv
Paris,C_GA_Threshold_plus_Feedback,6,26.92974121066458,1.401533529788365,4757,True,fuzzy_pruning_20260705_150416.csv
Paris,D_Random_Pruning(matched),6,26.92974121066458,1.496663266957356,4658,True,fuzzy_pruning_20260705_150416.csv
Paris,E_Fuzzy_Pruning,7,26.873847185735844,1.4763976421005724,4633,True,fuzzy_pruning_20260705_150416.csv
Paris,C_GA_Threshold_plus_Feedback,7,26.873847185735844,1.4590142997850708,4748,True,fuzzy_pruning_20260705_150416.csv
Paris,D_Random_Pruning(matched),7,26.873847185735844,1.4763976421005724,4637,True,fuzzy_pruning_20260705_150416.csv
Paris,E_Fuzzy_Pruning,8,26.83472136828573,1.4694958525086417,4626,True,fuzzy_pruning_20260705_150416.csv
Paris,C_GA_Threshold_plus_Feedback,8,26.83472136828573,1.4590142997850708,4742,True,fuzzy_pruning_20260705_150416.csv
Paris,D_Random_Pruning(matched),8,26.83472136828573,1.4819338589298805,4656,True,fuzzy_pruning_20260705_150416.csv
Paris,E_Fuzzy_Pruning,9,26.790006148342744,1.421272140435606,4626,True,fuzzy_pruning_20260705_150416.csv
Paris,C_GA_Threshold_plus_Feedback,9,26.790006148342744,1.4519339882911353,4730,True,fuzzy_pruning_20260705_150416.csv
Paris,D_Random_Pruning(matched),9,26.790006148342744,1.447924687325281,4638,True,fuzzy_pruning_20260705_150416.csv
