node_u,node_v,length
1281560587,10869250779,87.12763209485345
1281560587,10869274442,81.01840456187682
1281560587,10869274436,16.057373743449855
42577933,42578109,81.00512128558954
42577933,42577868,70.82472928083622
42594321,42593257,75.39617904131353
42594321,42595344,64.35374258069086
42569745,42569170,26.75689806242702
42569745,42570204,14.892945059902726
42569745,42570024,103.08743439681876
42590225,42588627,70.48951731116082
42590225,1266405747,269.1656585536676
42598421,42597601,32.89976696583199
42598421,42598465,11.63155545495603
42598421,42597749,53.83116312320645
1281560603,42571874,17.053428999679003
1281560603,10869250735,14.175656987670964
1281560603,10869250778,63.1061516970049
42606640,42607013,54.3516105353762
42606640,42606289,60.00181949280078
42598456,42596106,96.81101771265686
42598456,42598778,43.07328624157695
42598456,42598339,12.082917872739266
42594361,42593119,55.76598691266061
42594361,42594505,17.302932020583224
42594361,42594026,45.43328224271058
42582080,42582276,65.31393464503468
42582080,42583485,65.77500703997565
42598465,42598868,54.60826905963616
12703008836,42579837,10.372096121166944
12703008836,42579773,35.850509187768544
42594373,42593366,49.09532637557746
42594373,42593667,79.8293151701512
42594373,42595312,93.03450399967844
42594373,1610202887,49.71521878557666
42561616,42561497,78.1838497733189
42561616,59935243,9.779076891557196
42571874,42570489,39.407381266327896
42571874,10869250735,5.158768120994893
42604648,6359350873,98.59226189184496
42604648,42604720,97.71140119163888
42584171,9981501860,80.67425676481639
42584171,42583485,71.97442996458949
42569836,42570007,58.362670802038856
42569836,42569901,65.69662744284295
42575981,42575506,27.329697417169147
42575981,42576704,80.92709662139964
42575981,5229033741,69.66262433459664
6817370222,42571185,29.56157025216013
6817370222,6817370223,4.910546421421504
6817370222,1281560561,96.67942474427332
6817370223,42571185,29.30730159805252
6817370223,29654546,98.37546161806996
6817370223,42570703,108.01843737239216
42580085,42578629,69.10697531328142
42580085,42579773,50.50131801754118
3270197374,42563995,47.03096895987095
3270197374,3270197376,17.488293799507105
3270197376,59936222,46.95599069204562
3270197377,2806088916,40.85342798716624
3270197377,3270197378,18.29386862365674
3270197378,3270197379,51.294932681479295
3270197379,3270197380,18.047508019210017
3270197380,42570490,27.7535378445266
42600586,42601267,52.83371374272853
42600586,42599377,78.97354787507517
42600587,42602071,60.00038037693193
42600587,42600920,62.46455547755309
42578068,42578108,17.274050238894496
42578068,42577757,55.49700361835343
42573978,42573708,51.33363181835863
42573978,42574317,70.43302750180203
42573978,42575504,64.81043659971388
42563741,12181021376,79.59745565854838
42563741,12181039819,14.522551563753067
42563741,42563995,69.77419191922726
42600606,42600258,63.5139423539766
42600606,42602314,93.79011084183136
42573984,440776452,8.1550479384676
42573984,42573171,30.56370558323823
42576033,42575154,49.90506124396322
42576033,42577117,70.53559498182912
42569901,42569918,30.159360929869383
42604720,42605383,126.3039896545818
42586295,42584055,86.31368714427765
42586295,42586558,55.81992709633297
42578108,42578378,39.17633931749882
42578109,42578351,69.72717138028474
42578109,35202589,112.8289622349674
42578109,42580331,91.83542895222858
42569918,42569416,18.51266703316787
42569918,42569958,30.280570992095434
3270224063,42599591,32.31715484131164
3270224063,42602255,142.13673974118203
42594505,42594775,32.50071462956113
42594507,42594004,64.58453924804357
42594507,42592692,82.33024213732932
42594507,42594566,15.478939204367466
42604759,42604438,61.9914901633247
42604759,42603396,59.81453131627819
42604759,42605158,76.99072795490811
42604759,42605383,29.35490607235617
42569958,59996515,7.345805327516805
42569958,42570055,67.20615479351468
42572006,42571733,9.330878249525076
42572006,3860894709,6.554086246893712
42594537,42594077,61.10825217806831
42594537,42595031,65.65112169122276
42580208,42581703,85.60108161414942
42580208,1266468189,7.234181498957073
42588403,42587499,67.07531189972946
42588403,42587552,48.86330656068111
42588403,42588979,35.90073960310315
42588405,42586868,58.31199203282285
42588405,42587992,43.06522964655569
42598652,42597650,69.93404727484366
42598652,42600134,95.80874806006776
42590465,42590599,17.34379736317058
42590465,42589778,22.874425663112
42590465,42590968,19.71587349869295
42582276,42580565,75.82110050834126
42594565,42595473,75.58539301472942
42594565,42593913,54.58733276305398
42594565,42595755,57.05071309524615
42594566,42592778,82.15825231749689
42594566,42595100,68.96495848161447
42588426,3860904521,87.18868470143029
42588426,42587233,73.2159577864817
42588426,42589229,27.009145637839463
5229033741,929009952,75.50296669952326
5229033748,10869250779,13.531968846829088
5229033748,10869250778,16.182380248134137
42570007,42570204,59.63116556383183
929009952,42578889,61.55754390840073
42570024,42570294,101.80171270505063
42608945,42607704,74.06668757149227
42608945,42609349,69.94220566723793
42598714,42598925,16.038355726614906
42598714,8573053446,10.13191894534938
42570055,42571645,72.1842179335819
42570055,42570489,65.9274830659114
42568013,29654546,55.49180741153639
42568013,2806088917,18.772493315957465
42568013,2666215168,76.31127446703121
42592603,42592991,48.514062380033394
42592603,42593798,65.41600515955113
59996515,42573150,127.71416770975732
42580331,42580565,65.79354261200366
42592622,42591939,70.56657904688565
42592622,42593366,78.98966588426987
42592622,42593667,49.47597018464984
1266405747,42588670,69.01684234490358
42598778,42599161,37.71915465345472
1266469249,42579019,21.357204405452
1266469249,42580977,65.2446740749414
1266469249,1266468189,49.64812170304992
42602886,42602118,117.12944782724855
42602886,42603859,87.09961257945446
42590599,42591087,18.7614560419929
42563995,12181021376,19.652212529858296
42604959,42604116,64.64346279358361
42604959,42604960,36.7872888431928
42600864,42599665,64.83523072329267
42600864,42601392,69.44841895978546
42604960,42604116,38.2292947380906
42596770,42595558,83.14595093021869
42596770,42597650,63.33648000885718
9981501860,29658357,65.99934841038231
42607013,42607704,29.437886216939614
42586534,42585235,66.02549143004484
42586534,42588627,72.17459064411418
42578351,42578673,37.6779774663419
42592692,42592198,63.57953045326386
42592692,42592778,15.458649067146226
42574267,42575154,49.65311928677985
42574267,42575219,69.73884873633527
42586558,42587233,89.09903103359775
1092747711,42578377,57.12243760493264
1092747711,844465978,11.753499223947989
1092747711,1092747740,17.20777960948596
42578377,42577336,119.35242234720712
42578377,42579837,63.52122373941671
42578378,42578672,55.56731611774698
42582478,42581703,51.76274123303322
42582478,42582693,59.06936864612968
42588628,42588670,76.09801991141268
42588628,5229043604,60.56597525315748
42598868,42599179,42.92921529011885
42594775,42593610,58.51369649200145
42594775,42595033,28.652301094275938
42562008,42560612,74.29370473596695
42562008,59935914,17.766716946692206
42562008,42562993,58.5031544320768
42600920,42601288,62.43791566362164
1092747740,844465978,14.888093762309635
42570204,42570523,92.05402926271032
42602973,42602255,53.199336965391424
42602973,4165915406,11.826992801832844
42602975,42604176,59.47750658458822
42602975,42603244,77.2299159705988
42592745,42593052,61.60132361744574
42592745,42592251,72.11174073515014
42598889,29658722,49.22102409934125
42598889,42600258,97.36826401929872
42574317,42574896,65.04276841642749
42578415,42577394,64.8457167305882
42578415,42579645,54.15403939922116
945859060,42591419,28.02929721174713
945859060,1013891862,77.71129851800379
8573053443,42598925,5.961584384650725
8573053443,8573053445,19.26554183680204
8573053445,42599591,5.470096070985381
8573053446,42596018,128.4061826322418
42592778,42593418,74.72158044739483
59935243,42560910,32.80726882641245
8573053454,42595095,67.18813855395138
8573053454,42595357,97.20114136381412
42607130,42606506,90.1414158278213
42607130,42607179,99.4317507593419
42576437,42575219,66.21434621099816
42576437,42576732,12.27168731231561
42570294,42570881,21.261230043196207
3860904521,42585431,111.1849342735596
42607179,42607704,99.15243507165144
42572366,42570523,83.21797070119956
42572366,42573708,53.03498713730968
42592848,42591087,85.71337822688318
42592848,42595473,129.71515712922132
3860904530,42591135,10.50516247268121
3860904530,3860904531,13.011089974111696
3860904531,42591290,10.321554604780614
3860904531,1013891862,112.48871077815132
42580565,42578673,90.21864828073348
42605158,42603847,60.2401178047241
42605158,42605408,55.02463760843339
42580601,42578582,88.4794884832608
42580601,42580621,92.4825350731013
42580601,42580714,68.88985729062816
42599039,42598169,44.21726900069214
42599039,42598357,72.27129688108518
42599039,42599645,27.665263267567
29321863,42578786,20.249359461006
29321863,42578583,52.6951535615732
42572424,4838683655,88.58133970474017
42572424,5230378591,65.35337118611544
42580621,42578786,77.70533238297575
42578582,42578583,20.90348655223433
42578582,42578601,27.363103004195228
1480094363,42583811,70.25539291035928
1480094363,42586790,41.440020094436434
1480094363,42587286,18.322020640168976
1480094363,42588943,83.2689619566055
42601122,42599629,77.0672943684578
42601122,42601586,17.006651485764603
42582693,42582740,10.0340970633649
42586790,42586947,70.12809247764326
238240424,42595097,64.5290864944345
238240424,1012358656,65.72629338975035
42578601,42578618,53.67051544431411
10869250735,10869222372,55.68573476291019
10869250735,10869274436,17.9726138487354
929008303,3270216664,63.18812413502125
929008303,1012358598,58.82975934951192
42597039,42595344,119.02935414060644
42597039,42598355,83.77362946628037
1480094389,8563458761,30.051450343420587
1480094389,8563458760,29.993250841568845
42578618,42578887,67.95408161668402
42578618,42580714,87.5213065463922
42570426,42571154,29.15470418234769
42570426,6899721732,76.86841623344822
12181021376,42562419,58.68526712947983
42578629,42577336,64.85096897120732
42578629,42578885,30.02236018993344
42609349,42609639,14.422751244488603
42609349,42609407,15.992761527190355
8563458760,42585238,88.60213703385104
8563458761,42580977,115.58924657588048
12181039819,42562993,69.09955133528665
12181039819,12181039821,66.49292958208164
12181039821,42562993,16.04588401583078
12181039821,2666215178,50.10016397132309
2563799759,5230378585,9.53240208462266
2563799759,5230378581,30.644333605568093
2563799759,5230378583,9.752444262855452
42582740,42582984,70.01540292097481
42595031,42593747,63.07012695771259
42595033,42595227,18.5300585642271
10869250779,42575506,54.05269603545767
2563799770,5230378591,25.752856085448304
2563799770,5230378589,8.291677502042155
2563799770,5230378586,8.375225492105944
42592990,42591939,51.78593477129704
42592990,42593667,71.15083871901187
42592991,42592251,26.395067378601755
42603234,42603578,52.93567791282892
42603234,42603847,91.09942979778958
42603234,42605408,99.75584880859957
42595045,8563512336,14.680002051465944
42595045,1012358656,24.45603613277011
42595045,8563512342,9.737524918965612
42580714,42580976,90.1395825163018
42603244,42601586,76.30870523982693
42603244,6359350872,31.766792232410705
42578672,42579114,101.54984701826152
42586866,42585238,84.35411747303799
42586866,42587858,56.341142926808864
42586868,42586947,68.94593279442543
42590968,42591087,16.08849467152203
42570489,10869222373,13.671746737668098
42570490,6899721732,7.716436263242567
42570490,59936193,67.07589042732138
42599161,42597259,80.00512425803397
42599161,42599245,16.669926725586855
42609407,42609679,12.747689326187317
42584839,42583635,85.23512004418382
42584839,42585235,18.800586219967645
42584839,42585257,132.4432086376278
42599179,42599629,72.70317851574828
4165915406,42604116,48.22434275381519
42588943,42589048,17.60879399685341
42588943,42589778,42.15885806017955
42582802,42581702,40.78548798401623
42582802,42583635,38.61252741824924
42595095,42593667,72.59186191869921
42595095,42595357,24.25519216907584
42595097,42593798,81.75057002191463
42595097,42595947,60.52639130764459
42570523,42570881,112.32449556180184
42593052,42591379,100.56695690163215
42593052,42593912,32.42686331086399
42595100,42594026,51.86958730163388
42566448,42566562,30.81768090082477
42566448,42566834,63.67172466964331
42588979,42588149,45.01512798290521
42588979,42590039,74.40775889824332
42601267,42601744,35.639000045587906
42595130,8563512336,9.828366941174272
42595130,8563512342,15.594078268045145
42576704,42577055,67.10679894298082
42605383,42605908,102.8944043540588
42601288,42601643,64.41779148697587
42599245,42599665,51.83852513982727
42576732,42577868,56.67618773157815
42593119,42593238,4.904341113433613
42593119,42593418,64.76103147177098
42605408,42605683,50.71942211725469
42578786,42578889,32.498789765845444
42591084,42589229,75.61829091730854
42591084,5155642688,14.91056087694517
42562419,42561497,47.547179544877885
42562419,59935910,48.56858464384658
42589048,42587286,78.04872343195498
42589048,42590057,41.52587232487345
42603396,42601643,74.60093717912497
42603396,42603847,74.56254660769059
42597259,42596106,83.26178670129896
42595227,42593913,58.68891208312659
42595227,42595755,55.59183694175995
42591135,5155642688,76.36736123112146
42591135,42591290,13.386411794836578
42566562,42566723,37.97629776061193
42574765,42574957,59.97291016280883
42574765,42574768,1.6749933460823492
42574768,42574770,67.79302733800913
42601392,42600135,64.36943148656748
42601392,42602118,28.35952270613309
42574770,42575012,65.12413364282006
42597316,42595755,77.70368452682573
42597316,42598169,73.16584871354662
42597316,42598357,45.99355048545464
42578885,42576996,96.98587780082435
42578885,42579548,79.00589537044138
42578887,42579095,65.40831122245547
42582984,42583187,71.98092531811864
6356290505,6356290506,72.66210398455839
6356290505,42603578,92.1239236673045
6356290505,42605954,60.38391980283153
6356290506,42606289,58.71306522777397
42570703,42569486,47.87426493807066
42570703,10869274447,12.062104955796157
42599377,42598355,55.6773425104104
42593238,42593610,43.75128056832235
3270216664,42591713,23.18973104754933
10869222372,10869222373,5.329487414712601
10869222372,1281560552,49.577857475220966
10869222373,29365651,11.02497002420897
10869222373,10869222376,4.679075637514528
42609639,42609679,16.717844831928794
10869222376,29365651,12.584313034567725
10869222376,42569153,59.071470545368896
42593257,42591590,87.7454011586758
42580976,42581157,44.037722260014704
42580977,1266468189,35.218338177817095
42595312,42594075,51.49925145816865
3860894709,918144437,7.609182893175232
1012358140,5229043604,79.45566726467348
1012358140,42591713,12.850593889019184
1012358140,42591910,16.352102564273196
4838683655,42571733,101.21024591419383
8563512342,1012358598,78.00667973091669
42595357,42595558,18.16958549443936
42574896,42575349,70.97587190874228
42603578,42605683,99.7364245896911
42603579,42602314,59.01817158634948
42603579,42603881,62.97332672774196
42566723,42566803,57.97503342082977
42579019,42579114,21.000347988202947
42593366,42591986,59.87429369417892
42593366,42594075,82.91444678501408
42576996,42575732,65.84247198999147
42576996,42577336,34.51116852422636
42560612,59935918,11.046991308621909
42574957,42575176,65.04607185394788
42601585,42600134,89.75880099636517
42601585,42602255,47.17533601013808
42601586,42602071,84.7291993276873
42605683,42605858,32.21468560799603
42593418,42594026,29.685316639221217
42595473,42596106,62.31326323431647
42595473,42597748,106.0581678527908
42591379,42590039,72.83150458594255
42566803,42566812,8.341443411799814
42579095,42579284,65.90585237898415
42579095,42581157,88.3468668535191
42587286,42587499,15.91229989061351
42583187,42583485,80.53626535253288
42566812,42566837,38.289235136381855
42577055,42577338,67.70671506877554
42575012,42573243,65.52475433130004
42575012,42575506,71.81669319731976
59935908,59935914,51.664637181833896
59935908,59935910,17.83779530439265
42585257,42585431,43.71187035212098
42601643,42600297,69.81652178827397
59935914,59935918,76.01383573294797
42566834,42569170,87.67951823025619
42566837,42569416,97.92621320078902
42591419,42591986,27.401952408222613
42587340,29658357,73.53879096678138
42587340,42587812,65.96526998560022
42603727,42602071,74.48900418558543
42603727,42604047,61.39607469796489
42603727,6359350872,54.34907408840105
2806088916,29654546,20.106217916762223
2806088916,2806088917,57.09795743559949
42577117,42575219,100.63885309577392
42577117,42577394,15.898113225239529
42599645,42600106,60.74457266512383
42599645,42600297,32.87351013791995
42597601,42597749,56.84401157116258
42595558,42596018,28.7224688412592
42599665,42600135,65.51972877631451
42601744,42603859,103.24676487044756
42560787,42560910,74.73458768400047
42560787,42561497,42.97966779482158
42605858,42605954,24.155855459378664
42605858,42606436,29.982959228135822
42575176,42573494,61.32902684509483
42575176,42575426,68.82627866078107
42593610,42593913,49.38829940358107
42573136,42573169,57.88665650264392
42573136,42573150,55.59238964636675
42579284,42579431,65.61152043812098
42605908,42605956,97.8805014806356
42573150,42573243,55.31772760983141
122023269,122023291,20.121963943732272
122023269,122023279,76.51004839845338
42591590,42590039,73.12521802842015
42603881,42604176,62.96958854722528
42587499,42585983,69.27272167590765
122023279,6794598302,34.696341925856856
122023280,122023291,10.813924948080984
122023280,122023295,68.77753077814162
42573169,42573386,51.13107999928676
42573171,42573172,30.10748592709844
42573172,42573388,44.53300437401517
42575219,440776452,58.6735106461863
42597748,42598339,62.24442428626327
42597748,42598169,21.10432551160593
122023283,122023308,70.20101482579821
122023283,122023291,84.11650665708596
122023286,122023312,71.37135022542624
122023286,122023313,78.46622109762808
122023286,6794598302,16.741159439472195
122023295,122023312,109.8037262753776
42605954,42606289,72.65402956773569
42605956,42606370,91.4828175059956
122023308,42591845,98.44527418974371
122023313,29658722,95.48149809694712
42571154,6899721732,77.96821447448085
42587552,42585983,96.43794544789884
42587552,42587810,14.3186189723563
918144436,918144437,9.957969949979072
918144436,42571733,11.579948782612126
918144437,42571562,110.08333846354698
42577338,42577757,57.64142152798812
42573243,42571645,63.83349741936736
42569153,1281560552,15.451915596158084
59936193,59936204,18.983769297744065
1445699015,42588039,13.826040245560458
1445699015,42588040,51.996244247121545
59936204,59936221,47.19495062994761
42593747,42593912,27.00599553836812
10869280218,929011491,14.013817311546664
10869280218,42569486,4.747583674203499
10869280218,10869274448,61.72818058770172
10869280218,1281560552,13.74447613839068
59936221,59936222,17.815784839093492
42591713,42591971,16.716877727951225
42579431,42581617,96.12918876247156
42579431,42579548,65.21912449320627
42575349,42573414,80.14219417612208
42575349,42575732,22.200164850486274
42593798,42594077,53.522496157829735
42604047,42604438,62.96363985210695
35202589,42573598,73.95133193671153
42575426,42575504,62.08951714154153
42573386,42573494,56.74484364282457
42571340,42571562,81.12047663776313
42571340,42573414,83.84081143358034
42573388,42573598,96.09879513438086
42589778,42590057,16.660857384385913
5230378581,5230378583,29.91856881029365
5230378583,5230378589,28.57180183617637
5230378585,5230378588,21.26319067420436
5230378585,5230378586,7.2686756054997375
5230378586,5230378588,21.74721724105736
6359350872,6359350873,28.1941273256788
5230378589,5230378591,25.362834306412285
42591845,42592198,21.568779689259447
42595947,42594077,98.01064315910514
8570078830,8570078833,63.91636173755536
8570078830,42583920,9.742241652629096
42581617,42581702,17.97684300286841
8570078833,42584055,10.604969224411946
42587810,42588149,17.686372938772443
42587812,42588040,56.34742610124656
42591910,42591971,12.117392336302736
42600106,42598339,91.96288365538057
42596018,1610202887,33.40160262403701
42573494,42573708,82.13518797868947
42579645,42579872,79.1122113494825
42587858,42588149,17.605086269608137
42594004,42592198,83.02328398541086
2666215162,2666215168,17.246662283844067
2666215162,2666215169,48.67286853814952
2666215169,2666215178,15.930877802607387
42583811,42585983,45.81657672408021
42569486,929011491,14.349605368114853
42606370,42606436,5.905351698515996
42606370,42606506,95.05642747767608
42579773,42579837,37.67494408995529
10869274436,10869274448,67.58258752814521
10869274442,10869274447,4.64651703100563
10869274442,1281560561,12.393365291443224
10869274447,10869274448,5.342719055144891
10869274447,1281560561,11.422827423694567
42587992,42588039,81.6162285843269
42606436,42606506,6.740217901829866
42583920,42584055,67.61183404110771
42579872,42577868,86.15889505437283
